"SAMPLE_ID","SAMPLE_NAME","SAMPLE_FILE"
"LineA_1","LineA","LineA_1_exome_variants.csv"
"LineB_2","LineB","LineB_2_exome_variants.csv"
"LineC_3","LineC","LineC_3_exome_variants.csv"
"LineD_4","LineD","LineD_4_exome_variants.csv"
"LineE_5","LineE","LineE_5_exome_variants.csv"
"LineF_6","LineF","LineF_6_exome_variants.csv"
"LineG_7","LineG","LineG_7_exome_variants.csv"
"LineH_8","LineH","LineH_8_exome_variants.csv"
"LineI_9","LineI","LineI_9_exome_variants.csv"
"LineJ_10","LineJ","LineJ_10_exome_variants.csv"
